4000.00000,0.03502
3999.00000,0.03502
3998.00000,0.03502
3997.00000,0.03502
3996.00000,0.03502
3995.00000,0.03502
3994.00000,0.03502
3993.00000,0.03501
3992.00000,0.03500
3991.00000,0.03499
3990.00000,0.03498
3989.00000,0.03497
3988.00000,0.03496
3987.00000,0.03496
3986.00000,0.03496
3985.00000,0.03496
3984.00000,0.03496
3983.00000,0.03495
3982.00000,0.03495
3981.00000,0.03493
3980.00000,0.03492
3979.00000,0.03491
3978.00000,0.03490
3977.00000,0.03488
3976.00000,0.03487
3975.00000,0.03486
3974.00000,0.03486
3973.00000,0.03486
3972.00000,0.03486
3971.00000,0.03486
3970.00000,0.03486
3969.00000,0.03485
3968.00000,0.03485
3967.00000,0.03484
3966.00000,0.03482
3965.00000,0.03481
3964.00000,0.03479
3963.00000,0.03477
3962.00000,0.03477
3961.00000,0.03476
3960.00000,0.03476
3959.00000,0.03476
3958.00000,0.03476
3957.00000,0.03476
3956.00000,0.03475
3955.00000,0.03473
3954.00000,0.03471
3953.00000,0.03469
3952.00000,0.03466
3951.00000,0.03463
3950.00000,0.03459
3949.00000,0.03457
3948.00000,0.03457
3947.00000,0.03458
3946.00000,0.03459
3945.00000,0.03460
3944.00000,0.03461
3943.00000,0.03462
3942.00000,0.03464
3941.00000,0.03463
3940.00000,0.03461
3939.00000,0.03457
3938.00000,0.03454
3937.00000,0.03453
3936.00000,0.03453
3935.00000,0.03454
3934.00000,0.03454
3933.00000,0.03452
3932.00000,0.03451
3931.00000,0.03450
3930.00000,0.03450
3929.00000,0.03449
3928.00000,0.03447
3927.00000,0.03445
3926.00000,0.03442
3925.00000,0.03440
3924.00000,0.03437
3923.00000,0.03436
3922.00000,0.03435
3921.00000,0.03435
3920.00000,0.03435
3919.00000,0.03436
3918.00000,0.03439
3917.00000,0.03442
3916.00000,0.03446
3915.00000,0.03449
3914.00000,0.03451
3913.00000,0.03451
3912.00000,0.03448
3911.00000,0.03445
3910.00000,0.03441
3909.00000,0.03435
3908.00000,0.03425
3907.00000,0.03412
3906.00000,0.03400
3905.00000,0.03391
3904.00000,0.03387
3903.00000,0.03386
3902.00000,0.03386
3901.00000,0.03387
3900.00000,0.03388
3899.00000,0.03390
3898.00000,0.03395
3897.00000,0.03403
3896.00000,0.03412
3895.00000,0.03417
3894.00000,0.03416
3893.00000,0.03412
3892.00000,0.03408
3891.00000,0.03407
3890.00000,0.03406
3889.00000,0.03401
3888.00000,0.03393
3887.00000,0.03385
3886.00000,0.03386
3885.00000,0.03394
3884.00000,0.03402
3883.00000,0.03403
3882.00000,0.03396
3881.00000,0.03391
3880.00000,0.03394
3879.00000,0.03399
3878.00000,0.03399
3877.00000,0.03392
3876.00000,0.03386
3875.00000,0.03386
3874.00000,0.03389
3873.00000,0.03388
3872.00000,0.03380
3871.00000,0.03369
3870.00000,0.03362
3869.00000,0.03361
3868.00000,0.03364
3867.00000,0.03366
3866.00000,0.03366
3865.00000,0.03367
3864.00000,0.03374
3863.00000,0.03381
3862.00000,0.03380
3861.00000,0.03365
3860.00000,0.03345
3859.00000,0.03334
3858.00000,0.03334
3857.00000,0.03334
3856.00000,0.03325
3855.00000,0.03309
3854.00000,0.03294
3853.00000,0.03285
3852.00000,0.03283
3851.00000,0.03286
3850.00000,0.03293
3849.00000,0.03303
3848.00000,0.03319
3847.00000,0.03346
3846.00000,0.03373
3845.00000,0.03386
3844.00000,0.03385
3843.00000,0.03378
3842.00000,0.03370
3841.00000,0.03359
3840.00000,0.03347
3839.00000,0.03335
3838.00000,0.03329
3837.00000,0.03329
3836.00000,0.03332
3835.00000,0.03334
3834.00000,0.03336
3833.00000,0.03341
3832.00000,0.03352
3831.00000,0.03365
3830.00000,0.03373
3829.00000,0.03372
3828.00000,0.03366
3827.00000,0.03363
3826.00000,0.03368
3825.00000,0.03371
3824.00000,0.03364
3823.00000,0.03351
3822.00000,0.03341
3821.00000,0.03339
3820.00000,0.03341
3819.00000,0.03339
3818.00000,0.03333
3817.00000,0.03326
3816.00000,0.03325
3815.00000,0.03330
3814.00000,0.03339
3813.00000,0.03346
3812.00000,0.03353
3811.00000,0.03360
3810.00000,0.03365
3809.00000,0.03365
3808.00000,0.03362
3807.00000,0.03359
3806.00000,0.03358
3805.00000,0.03353
3804.00000,0.03342
3803.00000,0.03329
3802.00000,0.03322
3801.00000,0.03325
3800.00000,0.03333
3799.00000,0.03338
3798.00000,0.03339
3797.00000,0.03340
3796.00000,0.03349
3795.00000,0.03365
3794.00000,0.03380
3793.00000,0.03388
3792.00000,0.03390
3791.00000,0.03393
3790.00000,0.03398
3789.00000,0.03402
3788.00000,0.03402
3787.00000,0.03398
3786.00000,0.03394
3785.00000,0.03392
3784.00000,0.03393
3783.00000,0.03394
3782.00000,0.03393
3781.00000,0.03392
3780.00000,0.03391
3779.00000,0.03391
3778.00000,0.03390
3777.00000,0.03387
3776.00000,0.03385
3775.00000,0.03384
3774.00000,0.03385
3773.00000,0.03387
3772.00000,0.03387
3771.00000,0.03388
3770.00000,0.03388
3769.00000,0.03386
3768.00000,0.03382
3767.00000,0.03377
3766.00000,0.03372
3765.00000,0.03371
3764.00000,0.03375
3763.00000,0.03381
3762.00000,0.03385
3761.00000,0.03384
3760.00000,0.03379
3759.00000,0.03373
3758.00000,0.03363
3757.00000,0.03350
3756.00000,0.03338
3755.00000,0.03332
3754.00000,0.03325
3753.00000,0.03314
3752.00000,0.03297
3751.00000,0.03283
3750.00000,0.03277
3749.00000,0.03282
3748.00000,0.03287
3747.00000,0.03289
3746.00000,0.03290
3745.00000,0.03295
3744.00000,0.03307
3743.00000,0.03318
3742.00000,0.03323
3741.00000,0.03320
3740.00000,0.03316
3739.00000,0.03318
3738.00000,0.03330
3737.00000,0.03346
3736.00000,0.03353
3735.00000,0.03351
3734.00000,0.03345
3733.00000,0.03342
3732.00000,0.03341
3731.00000,0.03343
3730.00000,0.03350
3729.00000,0.03360
3728.00000,0.03374
3727.00000,0.03391
3726.00000,0.03411
3725.00000,0.03431
3724.00000,0.03448
3723.00000,0.03464
3722.00000,0.03479
3721.00000,0.03493
3720.00000,0.03503
3719.00000,0.03508
3718.00000,0.03510
3717.00000,0.03511
3716.00000,0.03512
3715.00000,0.03513
3714.00000,0.03511
3713.00000,0.03510
3712.00000,0.03512
3711.00000,0.03518
3710.00000,0.03526
3709.00000,0.03536
3708.00000,0.03549
3707.00000,0.03568
3706.00000,0.03592
3705.00000,0.03618
3704.00000,0.03644
3703.00000,0.03667
3702.00000,0.03688
3701.00000,0.03706
3700.00000,0.03723
3699.00000,0.03737
3698.00000,0.03750
3697.00000,0.03763
3696.00000,0.03776
3695.00000,0.03794
3694.00000,0.03814
3693.00000,0.03833
3692.00000,0.03847
3691.00000,0.03857
3690.00000,0.03866
3689.00000,0.03877
3688.00000,0.03891
3687.00000,0.03909
3686.00000,0.03931
3685.00000,0.03956
3684.00000,0.03979
3683.00000,0.04002
3682.00000,0.04026
3681.00000,0.04051
3680.00000,0.04074
3679.00000,0.04086
3678.00000,0.04089
3677.00000,0.04089
3676.00000,0.04095
3675.00000,0.04109
3674.00000,0.04130
3673.00000,0.04151
3672.00000,0.04166
3671.00000,0.04182
3670.00000,0.04205
3669.00000,0.04238
3668.00000,0.04274
3667.00000,0.04304
3666.00000,0.04329
3665.00000,0.04355
3664.00000,0.04383
3663.00000,0.04413
3662.00000,0.04440
3661.00000,0.04463
3660.00000,0.04479
3659.00000,0.04488
3658.00000,0.04492
3657.00000,0.04493
3656.00000,0.04494
3655.00000,0.04497
3654.00000,0.04503
3653.00000,0.04510
3652.00000,0.04516
3651.00000,0.04521
3650.00000,0.04529
3649.00000,0.04540
3648.00000,0.04552
3647.00000,0.04566
3646.00000,0.04584
3645.00000,0.04606
3644.00000,0.04633
3643.00000,0.04663
3642.00000,0.04694
3641.00000,0.04723
3640.00000,0.04745
3639.00000,0.04761
3638.00000,0.04770
3637.00000,0.04772
3636.00000,0.04770
3635.00000,0.04768
3634.00000,0.04772
3633.00000,0.04780
3632.00000,0.04787
3631.00000,0.04791
3630.00000,0.04796
3629.00000,0.04806
3628.00000,0.04822
3627.00000,0.04842
3626.00000,0.04862
3625.00000,0.04884
3624.00000,0.04910
3623.00000,0.04941
3622.00000,0.04973
3621.00000,0.05000
3620.00000,0.05018
3619.00000,0.05033
3618.00000,0.05047
3617.00000,0.05059
3616.00000,0.05069
3615.00000,0.05079
3614.00000,0.05093
3613.00000,0.05113
3612.00000,0.05135
3611.00000,0.05156
3610.00000,0.05175
3609.00000,0.05195
3608.00000,0.05219
3607.00000,0.05246
3606.00000,0.05275
3605.00000,0.05302
3604.00000,0.05327
3603.00000,0.05351
3602.00000,0.05376
3601.00000,0.05399
3600.00000,0.05422
3599.00000,0.05444
3598.00000,0.05465
3597.00000,0.05485
3596.00000,0.05504
3595.00000,0.05522
3594.00000,0.05542
3593.00000,0.05563
3592.00000,0.05587
3591.00000,0.05611
3590.00000,0.05635
3589.00000,0.05659
3588.00000,0.05684
3587.00000,0.05711
3586.00000,0.05738
3585.00000,0.05764
3584.00000,0.05789
3583.00000,0.05813
3582.00000,0.05839
3581.00000,0.05865
3580.00000,0.05891
3579.00000,0.05916
3578.00000,0.05938
3577.00000,0.05958
3576.00000,0.05976
3575.00000,0.05991
3574.00000,0.06005
3573.00000,0.06019
3572.00000,0.06033
3571.00000,0.06048
3570.00000,0.06062
3569.00000,0.06076
3568.00000,0.06091
3567.00000,0.06109
3566.00000,0.06129
3565.00000,0.06151
3564.00000,0.06173
3563.00000,0.06196
3562.00000,0.06220
3561.00000,0.06245
3560.00000,0.06269
3559.00000,0.06291
3558.00000,0.06311
3557.00000,0.06329
3556.00000,0.06346
3555.00000,0.06362
3554.00000,0.06376
3553.00000,0.06389
3552.00000,0.06403
3551.00000,0.06417
3550.00000,0.06432
3549.00000,0.06448
3548.00000,0.06465
3547.00000,0.06483
3546.00000,0.06503
3545.00000,0.06523
3544.00000,0.06542
3543.00000,0.06561
3542.00000,0.06579
3541.00000,0.06596
3540.00000,0.06614
3539.00000,0.06631
3538.00000,0.06648
3537.00000,0.06664
3536.00000,0.06680
3535.00000,0.06696
3534.00000,0.06711
3533.00000,0.06726
3532.00000,0.06740
3531.00000,0.06753
3530.00000,0.06767
3529.00000,0.06781
3528.00000,0.06797
3527.00000,0.06814
3526.00000,0.06831
3525.00000,0.06849
3524.00000,0.06867
3523.00000,0.06887
3522.00000,0.06906
3521.00000,0.06926
3520.00000,0.06944
3519.00000,0.06962
3518.00000,0.06980
3517.00000,0.06997
3516.00000,0.07015
3515.00000,0.07032
3514.00000,0.07049
3513.00000,0.07065
3512.00000,0.07080
3511.00000,0.07095
3510.00000,0.07110
3509.00000,0.07125
3508.00000,0.07141
3507.00000,0.07158
3506.00000,0.07175
3505.00000,0.07193
3504.00000,0.07210
3503.00000,0.07229
3502.00000,0.07248
3501.00000,0.07266
3500.00000,0.07285
3499.00000,0.07302
3498.00000,0.07320
3497.00000,0.07337
3496.00000,0.07354
3495.00000,0.07371
3494.00000,0.07387
3493.00000,0.07402
3492.00000,0.07417
3491.00000,0.07433
3490.00000,0.07448
3489.00000,0.07464
3488.00000,0.07479
3487.00000,0.07495
3486.00000,0.07511
3485.00000,0.07526
3484.00000,0.07542
3483.00000,0.07557
3482.00000,0.07573
3481.00000,0.07589
3480.00000,0.07605
3479.00000,0.07620
3478.00000,0.07634
3477.00000,0.07649
3476.00000,0.07663
3475.00000,0.07678
3474.00000,0.07693
3473.00000,0.07709
3472.00000,0.07725
3471.00000,0.07740
3470.00000,0.07756
3469.00000,0.07770
3468.00000,0.07783
3467.00000,0.07794
3466.00000,0.07804
3465.00000,0.07813
3464.00000,0.07822
3463.00000,0.07832
3462.00000,0.07842
3461.00000,0.07852
3460.00000,0.07863
3459.00000,0.07874
3458.00000,0.07884
3457.00000,0.07894
3456.00000,0.07903
3455.00000,0.07911
3454.00000,0.07919
3453.00000,0.07926
3452.00000,0.07934
3451.00000,0.07941
3450.00000,0.07947
3449.00000,0.07952
3448.00000,0.07957
3447.00000,0.07961
3446.00000,0.07964
3445.00000,0.07967
3444.00000,0.07969
3443.00000,0.07971
3442.00000,0.07974
3441.00000,0.07977
3440.00000,0.07980
3439.00000,0.07983
3438.00000,0.07985
3437.00000,0.07986
3436.00000,0.07986
3435.00000,0.07985
3434.00000,0.07981
3433.00000,0.07976
3432.00000,0.07970
3431.00000,0.07963
3430.00000,0.07954
3429.00000,0.07946
3428.00000,0.07937
3427.00000,0.07927
3426.00000,0.07918
3425.00000,0.07908
3424.00000,0.07897
3423.00000,0.07885
3422.00000,0.07873
3421.00000,0.07860
3420.00000,0.07847
3419.00000,0.07833
3418.00000,0.07820
3417.00000,0.07807
3416.00000,0.07794
3415.00000,0.07781
3414.00000,0.07767
3413.00000,0.07754
3412.00000,0.07740
3411.00000,0.07724
3410.00000,0.07708
3409.00000,0.07690
3408.00000,0.07672
3407.00000,0.07655
3406.00000,0.07638
3405.00000,0.07621
3404.00000,0.07605
3403.00000,0.07589
3402.00000,0.07572
3401.00000,0.07555
3400.00000,0.07536
3399.00000,0.07516
3398.00000,0.07495
3397.00000,0.07474
3396.00000,0.07453
3395.00000,0.07432
3394.00000,0.07411
3393.00000,0.07390
3392.00000,0.07369
3391.00000,0.07347
3390.00000,0.07325
3389.00000,0.07301
3388.00000,0.07277
3387.00000,0.07252
3386.00000,0.07227
3385.00000,0.07202
3384.00000,0.07177
3383.00000,0.07152
3382.00000,0.07128
3381.00000,0.07103
3380.00000,0.07077
3379.00000,0.07051
3378.00000,0.07023
3377.00000,0.06995
3376.00000,0.06965
3375.00000,0.06935
3374.00000,0.06906
3373.00000,0.06877
3372.00000,0.06848
3371.00000,0.06819
3370.00000,0.06789
3369.00000,0.06758
3368.00000,0.06726
3367.00000,0.06692
3366.00000,0.06658
3365.00000,0.06623
3364.00000,0.06588
3363.00000,0.06553
3362.00000,0.06519
3361.00000,0.06487
3360.00000,0.06455
3359.00000,0.06425
3358.00000,0.06395
3357.00000,0.06365
3356.00000,0.06336
3355.00000,0.06307
3354.00000,0.06279
3353.00000,0.06251
3352.00000,0.06223
3351.00000,0.06194
3350.00000,0.06165
3349.00000,0.06137
3348.00000,0.06108
3347.00000,0.06081
3346.00000,0.06053
3345.00000,0.06027
3344.00000,0.06002
3343.00000,0.05977
3342.00000,0.05952
3341.00000,0.05928
3340.00000,0.05904
3339.00000,0.05879
3338.00000,0.05855
3337.00000,0.05831
3336.00000,0.05808
3335.00000,0.05785
3334.00000,0.05762
3333.00000,0.05740
3332.00000,0.05718
3331.00000,0.05697
3330.00000,0.05676
3329.00000,0.05656
3328.00000,0.05635
3327.00000,0.05615
3326.00000,0.05595
3325.00000,0.05575
3324.00000,0.05556
3323.00000,0.05537
3322.00000,0.05518
3321.00000,0.05500
3320.00000,0.05482
3319.00000,0.05465
3318.00000,0.05447
3317.00000,0.05429
3316.00000,0.05412
3315.00000,0.05395
3314.00000,0.05378
3313.00000,0.05363
3312.00000,0.05349
3311.00000,0.05336
3310.00000,0.05323
3309.00000,0.05312
3308.00000,0.05300
3307.00000,0.05287
3306.00000,0.05273
3305.00000,0.05258
3304.00000,0.05242
3303.00000,0.05226
3302.00000,0.05210
3301.00000,0.05195
3300.00000,0.05182
3299.00000,0.05169
3298.00000,0.05159
3297.00000,0.05148
3296.00000,0.05138
3295.00000,0.05128
3294.00000,0.05117
3293.00000,0.05105
3292.00000,0.05093
3291.00000,0.05081
3290.00000,0.05068
3289.00000,0.05057
3288.00000,0.05045
3287.00000,0.05035
3286.00000,0.05025
3285.00000,0.05016
3284.00000,0.05006
3283.00000,0.04997
3282.00000,0.04988
3281.00000,0.04978
3280.00000,0.04968
3279.00000,0.04958
3278.00000,0.04948
3277.00000,0.04939
3276.00000,0.04931
3275.00000,0.04923
3274.00000,0.04916
3273.00000,0.04908
3272.00000,0.04901
3271.00000,0.04893
3270.00000,0.04885
3269.00000,0.04876
3268.00000,0.04867
3267.00000,0.04858
3266.00000,0.04849
3265.00000,0.04840
3264.00000,0.04831
3263.00000,0.04822
3262.00000,0.04813
3261.00000,0.04804
3260.00000,0.04795
3259.00000,0.04786
3258.00000,0.04777
3257.00000,0.04768
3256.00000,0.04759
3255.00000,0.04751
3254.00000,0.04742
3253.00000,0.04734
3252.00000,0.04725
3251.00000,0.04716
3250.00000,0.04706
3249.00000,0.04696
3248.00000,0.04686
3247.00000,0.04675
3246.00000,0.04665
3245.00000,0.04654
3244.00000,0.04644
3243.00000,0.04634
3242.00000,0.04625
3241.00000,0.04616
3240.00000,0.04607
3239.00000,0.04598
3238.00000,0.04588
3237.00000,0.04578
3236.00000,0.04567
3235.00000,0.04556
3234.00000,0.04545
3233.00000,0.04534
3232.00000,0.04523
3231.00000,0.04513
3230.00000,0.04502
3229.00000,0.04493
3228.00000,0.04483
3227.00000,0.04473
3226.00000,0.04462
3225.00000,0.04452
3224.00000,0.04441
3223.00000,0.04429
3222.00000,0.04418
3221.00000,0.04407
3220.00000,0.04396
3219.00000,0.04386
3218.00000,0.04377
3217.00000,0.04367
3216.00000,0.04358
3215.00000,0.04348
3214.00000,0.04338
3213.00000,0.04327
3212.00000,0.04316
3211.00000,0.04305
3210.00000,0.04293
3209.00000,0.04283
3208.00000,0.04273
3207.00000,0.04263
3206.00000,0.04253
3205.00000,0.04244
3204.00000,0.04233
3203.00000,0.04223
3202.00000,0.04211
3201.00000,0.04199
3200.00000,0.04187
3199.00000,0.04175
3198.00000,0.04163
3197.00000,0.04151
3196.00000,0.04141
3195.00000,0.04131
3194.00000,0.04121
3193.00000,0.04111
3192.00000,0.04101
3191.00000,0.04090
3190.00000,0.04079
3189.00000,0.04067
3188.00000,0.04055
3187.00000,0.04043
3186.00000,0.04032
3185.00000,0.04021
3184.00000,0.04012
3183.00000,0.04002
3182.00000,0.03994
3181.00000,0.03985
3180.00000,0.03975
3179.00000,0.03965
3178.00000,0.03955
3177.00000,0.03944
3176.00000,0.03934
3175.00000,0.03923
3174.00000,0.03913
3173.00000,0.03903
3172.00000,0.03894
3171.00000,0.03885
3170.00000,0.03877
3169.00000,0.03868
3168.00000,0.03860
3167.00000,0.03851
3166.00000,0.03841
3165.00000,0.03832
3164.00000,0.03822
3163.00000,0.03812
3162.00000,0.03803
3161.00000,0.03794
3160.00000,0.03785
3159.00000,0.03777
3158.00000,0.03770
3157.00000,0.03762
3156.00000,0.03755
3155.00000,0.03748
3154.00000,0.03740
3153.00000,0.03732
3152.00000,0.03724
3151.00000,0.03715
3150.00000,0.03706
3149.00000,0.03697
3148.00000,0.03689
3147.00000,0.03680
3146.00000,0.03672
3145.00000,0.03665
3144.00000,0.03658
3143.00000,0.03651
3142.00000,0.03644
3141.00000,0.03637
3140.00000,0.03630
3139.00000,0.03623
3138.00000,0.03616
3137.00000,0.03608
3136.00000,0.03601
3135.00000,0.03593
3134.00000,0.03586
3133.00000,0.03578
3132.00000,0.03571
3131.00000,0.03564
3130.00000,0.03557
3129.00000,0.03551
3128.00000,0.03544
3127.00000,0.03537
3126.00000,0.03531
3125.00000,0.03525
3124.00000,0.03519
3123.00000,0.03513
3122.00000,0.03508
3121.00000,0.03502
3120.00000,0.03497
3119.00000,0.03492
3118.00000,0.03486
3117.00000,0.03480
3116.00000,0.03473
3115.00000,0.03466
3114.00000,0.03459
3113.00000,0.03452
3112.00000,0.03446
3111.00000,0.03439
3110.00000,0.03432
3109.00000,0.03424
3108.00000,0.03417
3107.00000,0.03411
3106.00000,0.03404
3105.00000,0.03398
3104.00000,0.03392
3103.00000,0.03387
3102.00000,0.03381
3101.00000,0.03375
3100.00000,0.03369
3099.00000,0.03362
3098.00000,0.03355
3097.00000,0.03348
3096.00000,0.03341
3095.00000,0.03335
3094.00000,0.03330
3093.00000,0.03325
3092.00000,0.03320
3091.00000,0.03315
3090.00000,0.03311
3089.00000,0.03306
3088.00000,0.03301
3087.00000,0.03296
3086.00000,0.03290
3085.00000,0.03284
3084.00000,0.03279
3083.00000,0.03273
3082.00000,0.03267
3081.00000,0.03262
3080.00000,0.03257
3079.00000,0.03251
3078.00000,0.03246
3077.00000,0.03241
3076.00000,0.03235
3075.00000,0.03230
3074.00000,0.03224
3073.00000,0.03217
3072.00000,0.03211
3071.00000,0.03205
3070.00000,0.03200
3069.00000,0.03195
3068.00000,0.03190
3067.00000,0.03185
3066.00000,0.03181
3065.00000,0.03176
3064.00000,0.03171
3063.00000,0.03166
3062.00000,0.03160
3061.00000,0.03155
3060.00000,0.03149
3059.00000,0.03144
3058.00000,0.03139
3057.00000,0.03134
3056.00000,0.03129
3055.00000,0.03125
3054.00000,0.03120
3053.00000,0.03116
3052.00000,0.03111
3051.00000,0.03106
3050.00000,0.03100
3049.00000,0.03095
3048.00000,0.03090
3047.00000,0.03085
3046.00000,0.03081
3045.00000,0.03076
3044.00000,0.03072
3043.00000,0.03068
3042.00000,0.03064
3041.00000,0.03060
3040.00000,0.03055
3039.00000,0.03050
3038.00000,0.03045
3037.00000,0.03040
3036.00000,0.03035
3035.00000,0.03030
3034.00000,0.03025
3033.00000,0.03021
3032.00000,0.03017
3031.00000,0.03012
3030.00000,0.03008
3029.00000,0.03004
3028.00000,0.03000
3027.00000,0.02996
3026.00000,0.02993
3025.00000,0.02990
3024.00000,0.02987
3023.00000,0.02985
3022.00000,0.02985
3021.00000,0.02986
3020.00000,0.02988
3019.00000,0.02993
3018.00000,0.02999
3017.00000,0.03005
3016.00000,0.03012
3015.00000,0.03018
3014.00000,0.03024
3013.00000,0.03028
3012.00000,0.03030
3011.00000,0.03030
3010.00000,0.03029
3009.00000,0.03028
3008.00000,0.03025
3007.00000,0.03022
3006.00000,0.03018
3005.00000,0.03015
3004.00000,0.03011
3003.00000,0.03007
3002.00000,0.03003
3001.00000,0.03000
3000.00000,0.02997
2999.00000,0.02994
2998.00000,0.02993
2997.00000,0.02992
2996.00000,0.02992
2995.00000,0.02993
2994.00000,0.02994
2993.00000,0.02996
2992.00000,0.03000
2991.00000,0.03004
2990.00000,0.03010
2989.00000,0.03018
2988.00000,0.03028
2987.00000,0.03040
2986.00000,0.03055
2985.00000,0.03071
2984.00000,0.03089
2983.00000,0.03109
2982.00000,0.03132
2981.00000,0.03156
2980.00000,0.03183
2979.00000,0.03214
2978.00000,0.03249
2977.00000,0.03288
2976.00000,0.03333
2975.00000,0.03382
2974.00000,0.03436
2973.00000,0.03493
2972.00000,0.03552
2971.00000,0.03610
2970.00000,0.03666
2969.00000,0.03718
2968.00000,0.03764
2967.00000,0.03802
2966.00000,0.03833
2965.00000,0.03856
2964.00000,0.03871
2963.00000,0.03879
2962.00000,0.03882
2961.00000,0.03878
2960.00000,0.03870
2959.00000,0.03857
2958.00000,0.03840
2957.00000,0.03818
2956.00000,0.03793
2955.00000,0.03766
2954.00000,0.03738
2953.00000,0.03710
2952.00000,0.03685
2951.00000,0.03664
2950.00000,0.03648
2949.00000,0.03640
2948.00000,0.03639
2947.00000,0.03646
2946.00000,0.03661
2945.00000,0.03684
2944.00000,0.03714
2943.00000,0.03752
2942.00000,0.03797
2941.00000,0.03849
2940.00000,0.03908
2939.00000,0.03974
2938.00000,0.04047
2937.00000,0.04124
2936.00000,0.04204
2935.00000,0.04286
2934.00000,0.04367
2933.00000,0.04446
2932.00000,0.04520
2931.00000,0.04589
2930.00000,0.04649
2929.00000,0.04701
2928.00000,0.04742
2927.00000,0.04771
2926.00000,0.04785
2925.00000,0.04783
2924.00000,0.04764
2923.00000,0.04726
2922.00000,0.04670
2921.00000,0.04596
2920.00000,0.04507
2919.00000,0.04406
2918.00000,0.04297
2917.00000,0.04186
2916.00000,0.04075
2915.00000,0.03968
2914.00000,0.03868
2913.00000,0.03776
2912.00000,0.03691
2911.00000,0.03615
2910.00000,0.03547
2909.00000,0.03485
2908.00000,0.03428
2907.00000,0.03375
2906.00000,0.03326
2905.00000,0.03280
2904.00000,0.03237
2903.00000,0.03196
2902.00000,0.03157
2901.00000,0.03120
2900.00000,0.03085
2899.00000,0.03051
2898.00000,0.03019
2897.00000,0.02988
2896.00000,0.02957
2895.00000,0.02927
2894.00000,0.02897
2893.00000,0.02868
2892.00000,0.02840
2891.00000,0.02814
2890.00000,0.02789
2889.00000,0.02767
2888.00000,0.02747
2887.00000,0.02730
2886.00000,0.02716
2885.00000,0.02704
2884.00000,0.02695
2883.00000,0.02689
2882.00000,0.02685
2881.00000,0.02683
2880.00000,0.02685
2879.00000,0.02689
2878.00000,0.02696
2877.00000,0.02706
2876.00000,0.02718
2875.00000,0.02730
2874.00000,0.02743
2873.00000,0.02754
2872.00000,0.02764
2871.00000,0.02773
2870.00000,0.02780
2869.00000,0.02789
2868.00000,0.02800
2867.00000,0.02816
2866.00000,0.02839
2865.00000,0.02871
2864.00000,0.02912
2863.00000,0.02963
2862.00000,0.03023
2861.00000,0.03088
2860.00000,0.03155
2859.00000,0.03220
2858.00000,0.03278
2857.00000,0.03323
2856.00000,0.03350
2855.00000,0.03357
2854.00000,0.03341
2853.00000,0.03303
2852.00000,0.03245
2851.00000,0.03172
2850.00000,0.03086
2849.00000,0.02995
2848.00000,0.02901
2847.00000,0.02808
2846.00000,0.02721
2845.00000,0.02640
2844.00000,0.02566
2843.00000,0.02499
2842.00000,0.02441
2841.00000,0.02389
2840.00000,0.02345
2839.00000,0.02307
2838.00000,0.02274
2837.00000,0.02246
2836.00000,0.02222
2835.00000,0.02201
2834.00000,0.02184
2833.00000,0.02168
2832.00000,0.02154
2831.00000,0.02140
2830.00000,0.02128
2829.00000,0.02116
2828.00000,0.02105
2827.00000,0.02094
2826.00000,0.02084
2825.00000,0.02075
2824.00000,0.02067
2823.00000,0.02060
2822.00000,0.02054
2821.00000,0.02049
2820.00000,0.02043
2819.00000,0.02038
2818.00000,0.02032
2817.00000,0.02027
2816.00000,0.02021
2815.00000,0.02015
2814.00000,0.02009
2813.00000,0.02003
2812.00000,0.01998
2811.00000,0.01993
2810.00000,0.01990
2809.00000,0.01986
2808.00000,0.01983
2807.00000,0.01979
2806.00000,0.01976
2805.00000,0.01972
2804.00000,0.01968
2803.00000,0.01963
2802.00000,0.01958
2801.00000,0.01954
2800.00000,0.01949
2799.00000,0.01945
2798.00000,0.01942
2797.00000,0.01938
2796.00000,0.01935
2795.00000,0.01931
2794.00000,0.01928
2793.00000,0.01925
2792.00000,0.01922
2791.00000,0.01919
2790.00000,0.01915
2789.00000,0.01912
2788.00000,0.01908
2787.00000,0.01904
2786.00000,0.01899
2785.00000,0.01895
2784.00000,0.01891
2783.00000,0.01888
2782.00000,0.01885
2781.00000,0.01882
2780.00000,0.01879
2779.00000,0.01876
2778.00000,0.01873
2777.00000,0.01870
2776.00000,0.01867
2775.00000,0.01863
2774.00000,0.01859
2773.00000,0.01855
2772.00000,0.01851
2771.00000,0.01848
2770.00000,0.01845
2769.00000,0.01842
2768.00000,0.01840
2767.00000,0.01838
2766.00000,0.01836
2765.00000,0.01834
2764.00000,0.01832
2763.00000,0.01829
2762.00000,0.01826
2761.00000,0.01823
2760.00000,0.01819
2759.00000,0.01816
2758.00000,0.01813
2757.00000,0.01811
2756.00000,0.01809
2755.00000,0.01808
2754.00000,0.01806
2753.00000,0.01804
2752.00000,0.01802
2751.00000,0.01800
2750.00000,0.01797
2749.00000,0.01794
2748.00000,0.01791
2747.00000,0.01788
2746.00000,0.01785
2745.00000,0.01783
2744.00000,0.01782
2743.00000,0.01780
2742.00000,0.01778
2741.00000,0.01776
2740.00000,0.01774
2739.00000,0.01772
2738.00000,0.01770
2737.00000,0.01767
2736.00000,0.01764
2735.00000,0.01762
2734.00000,0.01760
2733.00000,0.01758
2732.00000,0.01756
2731.00000,0.01755
2730.00000,0.01754
2729.00000,0.01752
2728.00000,0.01750
2727.00000,0.01747
2726.00000,0.01745
2725.00000,0.01741
2724.00000,0.01738
2723.00000,0.01735
2722.00000,0.01733
2721.00000,0.01731
2720.00000,0.01729
2719.00000,0.01728
2718.00000,0.01726
2717.00000,0.01724
2716.00000,0.01721
2715.00000,0.01718
2714.00000,0.01715
2713.00000,0.01712
2712.00000,0.01709
2711.00000,0.01706
2710.00000,0.01703
2709.00000,0.01701
2708.00000,0.01700
2707.00000,0.01699
2706.00000,0.01697
2705.00000,0.01696
2704.00000,0.01694
2703.00000,0.01692
2702.00000,0.01690
2701.00000,0.01688
2700.00000,0.01686
2699.00000,0.01684
2698.00000,0.01683
2697.00000,0.01681
2696.00000,0.01680
2695.00000,0.01679
2694.00000,0.01678
2693.00000,0.01676
2692.00000,0.01674
2691.00000,0.01672
2690.00000,0.01670
2689.00000,0.01668
2688.00000,0.01666
2687.00000,0.01664
2686.00000,0.01663
2685.00000,0.01661
2684.00000,0.01660
2683.00000,0.01659
2682.00000,0.01658
2681.00000,0.01657
2680.00000,0.01655
2679.00000,0.01653
2678.00000,0.01651
2677.00000,0.01649
2676.00000,0.01648
2675.00000,0.01646
2674.00000,0.01644
2673.00000,0.01642
2672.00000,0.01640
2671.00000,0.01639
2670.00000,0.01637
2669.00000,0.01635
2668.00000,0.01634
2667.00000,0.01632
2666.00000,0.01631
2665.00000,0.01629
2664.00000,0.01628
2663.00000,0.01626
2662.00000,0.01624
2661.00000,0.01622
2660.00000,0.01620
2659.00000,0.01618
2658.00000,0.01616
2657.00000,0.01614
2656.00000,0.01612
2655.00000,0.01611
2654.00000,0.01610
2653.00000,0.01609
2652.00000,0.01608
2651.00000,0.01606
2650.00000,0.01605
2649.00000,0.01602
2648.00000,0.01600
2647.00000,0.01597
2646.00000,0.01594
2645.00000,0.01592
2644.00000,0.01591
2643.00000,0.01590
2642.00000,0.01590
2641.00000,0.01589
2640.00000,0.01589
2639.00000,0.01588
2638.00000,0.01587
2637.00000,0.01585
2636.00000,0.01582
2635.00000,0.01579
2634.00000,0.01577
2633.00000,0.01574
2632.00000,0.01573
2631.00000,0.01572
2630.00000,0.01571
2629.00000,0.01571
2628.00000,0.01571
2627.00000,0.01571
2626.00000,0.01569
2625.00000,0.01567
2624.00000,0.01565
2623.00000,0.01562
2622.00000,0.01559
2621.00000,0.01557
2620.00000,0.01555
2619.00000,0.01555
2618.00000,0.01555
2617.00000,0.01555
2616.00000,0.01556
2615.00000,0.01555
2614.00000,0.01554
2613.00000,0.01552
2612.00000,0.01549
2611.00000,0.01546
2610.00000,0.01543
2609.00000,0.01540
2608.00000,0.01539
2607.00000,0.01538
2606.00000,0.01538
2605.00000,0.01538
2604.00000,0.01539
2603.00000,0.01538
2602.00000,0.01537
2601.00000,0.01535
2600.00000,0.01533
2599.00000,0.01529
2598.00000,0.01526
2597.00000,0.01524
2596.00000,0.01522
2595.00000,0.01522
2594.00000,0.01522
2593.00000,0.01522
2592.00000,0.01523
2591.00000,0.01523
2590.00000,0.01522
2589.00000,0.01521
2588.00000,0.01519
2587.00000,0.01516
2586.00000,0.01513
2585.00000,0.01511
2584.00000,0.01509
2583.00000,0.01508
2582.00000,0.01508
2581.00000,0.01507
2580.00000,0.01507
2579.00000,0.01506
2578.00000,0.01505
2577.00000,0.01503
2576.00000,0.01502
2575.00000,0.01500
2574.00000,0.01498
2573.00000,0.01497
2572.00000,0.01496
2571.00000,0.01495
2570.00000,0.01494
2569.00000,0.01493
2568.00000,0.01492
2567.00000,0.01490
2566.00000,0.01488
2565.00000,0.01486
2564.00000,0.01485
2563.00000,0.01484
2562.00000,0.01483
2561.00000,0.01483
2560.00000,0.01483
2559.00000,0.01483
2558.00000,0.01483
2557.00000,0.01481
2556.00000,0.01480
2555.00000,0.01477
2554.00000,0.01475
2553.00000,0.01472
2552.00000,0.01471
2551.00000,0.01470
2550.00000,0.01470
2549.00000,0.01471
2548.00000,0.01472
2547.00000,0.01473
2546.00000,0.01473
2545.00000,0.01472
2544.00000,0.01470
2543.00000,0.01467
2542.00000,0.01464
2541.00000,0.01462
2540.00000,0.01460
2539.00000,0.01459
2538.00000,0.01460
2537.00000,0.01461
2536.00000,0.01462
2535.00000,0.01463
2534.00000,0.01464
2533.00000,0.01463
2532.00000,0.01461
2531.00000,0.01459
2530.00000,0.01456
2529.00000,0.01454
2528.00000,0.01452
2527.00000,0.01451
2526.00000,0.01452
2525.00000,0.01453
2524.00000,0.01455
2523.00000,0.01456
2522.00000,0.01456
2521.00000,0.01455
2520.00000,0.01453
2519.00000,0.01450
2518.00000,0.01447
2517.00000,0.01445
2516.00000,0.01444
2515.00000,0.01445
2514.00000,0.01446
2513.00000,0.01448
2512.00000,0.01449
2511.00000,0.01450
2510.00000,0.01450
2509.00000,0.01448
2508.00000,0.01445
2507.00000,0.01442
2506.00000,0.01439
2505.00000,0.01436
2504.00000,0.01436
2503.00000,0.01436
2502.00000,0.01438
2501.00000,0.01440
2500.00000,0.01442
2499.00000,0.01443
2498.00000,0.01442
2497.00000,0.01440
2496.00000,0.01436
2495.00000,0.01432
2494.00000,0.01429
2493.00000,0.01426
2492.00000,0.01425
2491.00000,0.01425
2490.00000,0.01427
2489.00000,0.01430
2488.00000,0.01432
2487.00000,0.01433
2486.00000,0.01433
2485.00000,0.01431
2484.00000,0.01428
2483.00000,0.01424
2482.00000,0.01421
2481.00000,0.01418
2480.00000,0.01417
2479.00000,0.01418
2478.00000,0.01419
2477.00000,0.01422
2476.00000,0.01424
2475.00000,0.01425
2474.00000,0.01425
2473.00000,0.01423
2472.00000,0.01420
2471.00000,0.01416
2470.00000,0.01414
2469.00000,0.01412
2468.00000,0.01411
2467.00000,0.01412
2466.00000,0.01414
2465.00000,0.01416
2464.00000,0.01418
2463.00000,0.01418
2462.00000,0.01417
2461.00000,0.01415
2460.00000,0.01412
2459.00000,0.01410
2458.00000,0.01407
2457.00000,0.01406
2456.00000,0.01406
2455.00000,0.01407
2454.00000,0.01409
2453.00000,0.01411
2452.00000,0.01412
2451.00000,0.01412
2450.00000,0.01411
2449.00000,0.01409
2448.00000,0.01406
2447.00000,0.01403
2446.00000,0.01401
2445.00000,0.01400
2444.00000,0.01401
2443.00000,0.01403
2442.00000,0.01405
2441.00000,0.01407
2440.00000,0.01408
2439.00000,0.01407
2438.00000,0.01405
2437.00000,0.01403
2436.00000,0.01400
2435.00000,0.01397
2434.00000,0.01395
2433.00000,0.01394
2432.00000,0.01395
2431.00000,0.01397
2430.00000,0.01399
2429.00000,0.01402
2428.00000,0.01403
2427.00000,0.01402
2426.00000,0.01401
2425.00000,0.01399
2424.00000,0.01396
2423.00000,0.01393
2422.00000,0.01392
2421.00000,0.01392
2420.00000,0.01392
2419.00000,0.01394
2418.00000,0.01395
2417.00000,0.01396
2416.00000,0.01396
2415.00000,0.01396
2414.00000,0.01394
2413.00000,0.01391
2412.00000,0.01389
2411.00000,0.01387
2410.00000,0.01387
2409.00000,0.01387
2408.00000,0.01389
2407.00000,0.01390
2406.00000,0.01392
2405.00000,0.01392
2404.00000,0.01391
2403.00000,0.01390
2402.00000,0.01387
2401.00000,0.01385
2400.00000,0.01383
2399.00000,0.01382
2398.00000,0.01383
2397.00000,0.01384
2396.00000,0.01386
2395.00000,0.01387
2394.00000,0.01388
2393.00000,0.01388
2392.00000,0.01385
2391.00000,0.01382
2390.00000,0.01378
2389.00000,0.01372
2388.00000,0.01366
2387.00000,0.01357
2386.00000,0.01346
2385.00000,0.01331
2384.00000,0.01310
2383.00000,0.01284
2382.00000,0.01254
2381.00000,0.01222
2380.00000,0.01194
2379.00000,0.01172
2378.00000,0.01161
2377.00000,0.01161
2376.00000,0.01173
2375.00000,0.01193
2374.00000,0.01218
2373.00000,0.01243
2372.00000,0.01264
2371.00000,0.01278
2370.00000,0.01284
2369.00000,0.01284
2368.00000,0.01279
2367.00000,0.01271
2366.00000,0.01264
2365.00000,0.01260
2364.00000,0.01262
2363.00000,0.01270
2362.00000,0.01286
2361.00000,0.01309
2360.00000,0.01337
2359.00000,0.01370
2358.00000,0.01412
2357.00000,0.01463
2356.00000,0.01510
2355.00000,0.01537
2354.00000,0.01523
2353.00000,0.01464
2352.00000,0.01365
2351.00000,0.01245
2350.00000,0.01125
2349.00000,0.01024
2348.00000,0.00954
2347.00000,0.00927
2346.00000,0.00950
2345.00000,0.01015
2344.00000,0.01102
2343.00000,0.01189
2342.00000,0.01259
2341.00000,0.01306
2340.00000,0.01335
2339.00000,0.01352
2338.00000,0.01362
2337.00000,0.01370
2336.00000,0.01376
2335.00000,0.01384
2334.00000,0.01396
2333.00000,0.01412
2332.00000,0.01430
2331.00000,0.01450
2330.00000,0.01470
2329.00000,0.01488
2328.00000,0.01502
2327.00000,0.01510
2326.00000,0.01514
2325.00000,0.01516
2324.00000,0.01520
2323.00000,0.01530
2322.00000,0.01543
2321.00000,0.01557
2320.00000,0.01567
2319.00000,0.01569
2318.00000,0.01563
2317.00000,0.01552
2316.00000,0.01538
2315.00000,0.01524
2314.00000,0.01511
2313.00000,0.01502
2312.00000,0.01497
2311.00000,0.01495
2310.00000,0.01492
2309.00000,0.01487
2308.00000,0.01478
2307.00000,0.01467
2306.00000,0.01455
2305.00000,0.01447
2304.00000,0.01440
2303.00000,0.01437
2302.00000,0.01435
2301.00000,0.01434
2300.00000,0.01432
2299.00000,0.01429
2298.00000,0.01423
2297.00000,0.01414
2296.00000,0.01405
2295.00000,0.01396
2294.00000,0.01389
2293.00000,0.01385
2292.00000,0.01383
2291.00000,0.01384
2290.00000,0.01385
2289.00000,0.01386
2288.00000,0.01384
2287.00000,0.01380
2286.00000,0.01372
2285.00000,0.01362
2284.00000,0.01351
2283.00000,0.01341
2282.00000,0.01333
2281.00000,0.01327
2280.00000,0.01325
2279.00000,0.01324
2278.00000,0.01324
2277.00000,0.01324
2276.00000,0.01322
2275.00000,0.01318
2274.00000,0.01312
2273.00000,0.01306
2272.00000,0.01300
2271.00000,0.01296
2270.00000,0.01295
2269.00000,0.01297
2268.00000,0.01301
2267.00000,0.01306
2266.00000,0.01311
2265.00000,0.01315
2264.00000,0.01317
2263.00000,0.01316
2262.00000,0.01314
2261.00000,0.01311
2260.00000,0.01308
2259.00000,0.01307
2258.00000,0.01307
2257.00000,0.01310
2256.00000,0.01314
2255.00000,0.01318
2254.00000,0.01322
2253.00000,0.01324
2252.00000,0.01324
2251.00000,0.01322
2250.00000,0.01318
2249.00000,0.01313
2248.00000,0.01310
2247.00000,0.01307
2246.00000,0.01306
2245.00000,0.01308
2244.00000,0.01310
2243.00000,0.01313
2242.00000,0.01315
2241.00000,0.01315
2240.00000,0.01313
2239.00000,0.01309
2238.00000,0.01305
2237.00000,0.01300
2236.00000,0.01296
2235.00000,0.01294
2234.00000,0.01294
2233.00000,0.01295
2232.00000,0.01297
2231.00000,0.01300
2230.00000,0.01301
2229.00000,0.01301
2228.00000,0.01299
2227.00000,0.01296
2226.00000,0.01292
2225.00000,0.01288
2224.00000,0.01285
2223.00000,0.01284
2222.00000,0.01283
2221.00000,0.01285
2220.00000,0.01286
2219.00000,0.01287
2218.00000,0.01287
2217.00000,0.01286
2216.00000,0.01284
2215.00000,0.01281
2214.00000,0.01277
2213.00000,0.01275
2212.00000,0.01273
2211.00000,0.01272
2210.00000,0.01273
2209.00000,0.01274
2208.00000,0.01275
2207.00000,0.01275
2206.00000,0.01274
2205.00000,0.01272
2204.00000,0.01269
2203.00000,0.01266
2202.00000,0.01264
2201.00000,0.01262
2200.00000,0.01262
2199.00000,0.01263
2198.00000,0.01265
2197.00000,0.01267
2196.00000,0.01268
2195.00000,0.01267
2194.00000,0.01265
2193.00000,0.01262
2192.00000,0.01258
2191.00000,0.01254
2190.00000,0.01251
2189.00000,0.01250
2188.00000,0.01250
2187.00000,0.01252
2186.00000,0.01255
2185.00000,0.01257
2184.00000,0.01259
2183.00000,0.01259
2182.00000,0.01257
2181.00000,0.01254
2180.00000,0.01250
2179.00000,0.01246
2178.00000,0.01243
2177.00000,0.01241
2176.00000,0.01241
2175.00000,0.01243
2174.00000,0.01245
2173.00000,0.01248
2172.00000,0.01250
2171.00000,0.01251
2170.00000,0.01250
2169.00000,0.01247
2168.00000,0.01244
2167.00000,0.01241
2166.00000,0.01238
2165.00000,0.01236
2164.00000,0.01236
2163.00000,0.01236
2162.00000,0.01237
2161.00000,0.01239
2160.00000,0.01240
2159.00000,0.01241
2158.00000,0.01241
2157.00000,0.01240
2156.00000,0.01239
2155.00000,0.01237
2154.00000,0.01235
2153.00000,0.01234
2152.00000,0.01234
2151.00000,0.01233
2150.00000,0.01233
2149.00000,0.01234
2148.00000,0.01234
2147.00000,0.01234
2146.00000,0.01234
2145.00000,0.01234
2144.00000,0.01233
2143.00000,0.01232
2142.00000,0.01232
2141.00000,0.01232
2140.00000,0.01232
2139.00000,0.01231
2138.00000,0.01231
2137.00000,0.01231
2136.00000,0.01231
2135.00000,0.01230
2134.00000,0.01230
2133.00000,0.01230
2132.00000,0.01229
2131.00000,0.01229
2130.00000,0.01230
2129.00000,0.01230
2128.00000,0.01230
2127.00000,0.01231
2126.00000,0.01231
2125.00000,0.01232
2124.00000,0.01232
2123.00000,0.01232
2122.00000,0.01232
2121.00000,0.01232
2120.00000,0.01232
2119.00000,0.01232
2118.00000,0.01232
2117.00000,0.01232
2116.00000,0.01232
2115.00000,0.01233
2114.00000,0.01234
2113.00000,0.01235
2112.00000,0.01237
2111.00000,0.01238
2110.00000,0.01239
2109.00000,0.01240
2108.00000,0.01241
2107.00000,0.01241
2106.00000,0.01241
2105.00000,0.01240
2104.00000,0.01241
2103.00000,0.01241
2102.00000,0.01243
2101.00000,0.01245
2100.00000,0.01248
2099.00000,0.01251
2098.00000,0.01254
2097.00000,0.01256
2096.00000,0.01257
2095.00000,0.01258
2094.00000,0.01257
2093.00000,0.01257
2092.00000,0.01257
2091.00000,0.01258
2090.00000,0.01260
2089.00000,0.01264
2088.00000,0.01269
2087.00000,0.01273
2086.00000,0.01278
2085.00000,0.01282
2084.00000,0.01284
2083.00000,0.01285
2082.00000,0.01285
2081.00000,0.01285
2080.00000,0.01286
2079.00000,0.01287
2078.00000,0.01291
2077.00000,0.01296
2076.00000,0.01302
2075.00000,0.01308
2074.00000,0.01314
2073.00000,0.01318
2072.00000,0.01321
2071.00000,0.01322
2070.00000,0.01322
2069.00000,0.01322
2068.00000,0.01323
2067.00000,0.01325
2066.00000,0.01329
2065.00000,0.01334
2064.00000,0.01341
2063.00000,0.01348
2062.00000,0.01355
2061.00000,0.01361
2060.00000,0.01364
2059.00000,0.01366
2058.00000,0.01368
2057.00000,0.01369
2056.00000,0.01371
2055.00000,0.01374
2054.00000,0.01379
2053.00000,0.01385
2052.00000,0.01392
2051.00000,0.01399
2050.00000,0.01405
2049.00000,0.01410
2048.00000,0.01413
2047.00000,0.01416
2046.00000,0.01418
2045.00000,0.01420
2044.00000,0.01423
2043.00000,0.01429
2042.00000,0.01435
2041.00000,0.01443
2040.00000,0.01450
2039.00000,0.01457
2038.00000,0.01462
2037.00000,0.01466
2036.00000,0.01468
2035.00000,0.01469
2034.00000,0.01470
2033.00000,0.01473
2032.00000,0.01477
2031.00000,0.01484
2030.00000,0.01491
2029.00000,0.01500
2028.00000,0.01507
2027.00000,0.01513
2026.00000,0.01517
2025.00000,0.01519
2024.00000,0.01518
2023.00000,0.01517
2022.00000,0.01516
2021.00000,0.01518
2020.00000,0.01522
2019.00000,0.01528
2018.00000,0.01536
2017.00000,0.01544
2016.00000,0.01551
2015.00000,0.01557
2014.00000,0.01559
2013.00000,0.01559
2012.00000,0.01557
2011.00000,0.01554
2010.00000,0.01553
2009.00000,0.01554
2008.00000,0.01557
2007.00000,0.01563
2006.00000,0.01570
2005.00000,0.01577
2004.00000,0.01582
2003.00000,0.01585
2002.00000,0.01585
2001.00000,0.01582
2000.00000,0.01579
1999.00000,0.01575
1998.00000,0.01573
1997.00000,0.01572
1996.00000,0.01575
1995.00000,0.01579
1994.00000,0.01584
1993.00000,0.01588
1992.00000,0.01590
1991.00000,0.01591
1990.00000,0.01588
1989.00000,0.01585
1988.00000,0.01580
1987.00000,0.01577
1986.00000,0.01576
1985.00000,0.01577
1984.00000,0.01581
1983.00000,0.01585
1982.00000,0.01590
1981.00000,0.01593
1980.00000,0.01593
1979.00000,0.01590
1978.00000,0.01585
1977.00000,0.01578
1976.00000,0.01572
1975.00000,0.01567
1974.00000,0.01565
1973.00000,0.01566
1972.00000,0.01570
1971.00000,0.01574
1970.00000,0.01579
1969.00000,0.01581
1968.00000,0.01580
1967.00000,0.01576
1966.00000,0.01570
1965.00000,0.01562
1964.00000,0.01555
1963.00000,0.01550
1962.00000,0.01549
1961.00000,0.01551
1960.00000,0.01555
1959.00000,0.01560
1958.00000,0.01565
1957.00000,0.01567
1956.00000,0.01567
1955.00000,0.01562
1954.00000,0.01556
1953.00000,0.01548
1952.00000,0.01541
1951.00000,0.01537
1950.00000,0.01536
1949.00000,0.01537
1948.00000,0.01540
1947.00000,0.01545
1946.00000,0.01548
1945.00000,0.01550
1944.00000,0.01550
1943.00000,0.01547
1942.00000,0.01543
1941.00000,0.01539
1940.00000,0.01536
1939.00000,0.01535
1938.00000,0.01537
1937.00000,0.01541
1936.00000,0.01547
1935.00000,0.01553
1934.00000,0.01558
1933.00000,0.01562
1932.00000,0.01564
1931.00000,0.01563
1930.00000,0.01561
1929.00000,0.01559
1928.00000,0.01558
1927.00000,0.01559
1926.00000,0.01563
1925.00000,0.01569
1924.00000,0.01576
1923.00000,0.01583
1922.00000,0.01590
1921.00000,0.01596
1920.00000,0.01601
1919.00000,0.01604
1918.00000,0.01607
1917.00000,0.01610
1916.00000,0.01614
1915.00000,0.01620
1914.00000,0.01627
1913.00000,0.01636
1912.00000,0.01645
1911.00000,0.01654
1910.00000,0.01663
1909.00000,0.01672
1908.00000,0.01678
1907.00000,0.01684
1906.00000,0.01690
1905.00000,0.01695
1904.00000,0.01701
1903.00000,0.01708
1902.00000,0.01716
1901.00000,0.01725
1900.00000,0.01735
1899.00000,0.01744
1898.00000,0.01753
1897.00000,0.01762
1896.00000,0.01769
1895.00000,0.01775
1894.00000,0.01781
1893.00000,0.01787
1892.00000,0.01794
1891.00000,0.01801
1890.00000,0.01808
1889.00000,0.01816
1888.00000,0.01824
1887.00000,0.01831
1886.00000,0.01838
1885.00000,0.01845
1884.00000,0.01850
1883.00000,0.01855
1882.00000,0.01860
1881.00000,0.01865
1880.00000,0.01870
1879.00000,0.01875
1878.00000,0.01878
1877.00000,0.01881
1876.00000,0.01883
1875.00000,0.01882
1874.00000,0.01881
1873.00000,0.01880
1872.00000,0.01879
1871.00000,0.01878
1870.00000,0.01879
1869.00000,0.01881
1868.00000,0.01883
1867.00000,0.01885
1866.00000,0.01885
1865.00000,0.01885
1864.00000,0.01882
1863.00000,0.01878
1862.00000,0.01874
1861.00000,0.01870
1860.00000,0.01866
1859.00000,0.01862
1858.00000,0.01859
1857.00000,0.01856
1856.00000,0.01853
1855.00000,0.01848
1854.00000,0.01842
1853.00000,0.01836
1852.00000,0.01828
1851.00000,0.01819
1850.00000,0.01809
1849.00000,0.01800
1848.00000,0.01791
1847.00000,0.01784
1846.00000,0.01778
1845.00000,0.01773
1844.00000,0.01768
1843.00000,0.01763
1842.00000,0.01759
1841.00000,0.01753
1840.00000,0.01747
1839.00000,0.01739
1838.00000,0.01731
1837.00000,0.01722
1836.00000,0.01713
1835.00000,0.01703
1834.00000,0.01694
1833.00000,0.01685
1832.00000,0.01676
1831.00000,0.01667
1830.00000,0.01658
1829.00000,0.01651
1828.00000,0.01646
1827.00000,0.01641
1826.00000,0.01636
1825.00000,0.01632
1824.00000,0.01627
1823.00000,0.01622
1822.00000,0.01615
1821.00000,0.01608
1820.00000,0.01601
1819.00000,0.01594
1818.00000,0.01588
1817.00000,0.01584
1816.00000,0.01581
1815.00000,0.01578
1814.00000,0.01576
1813.00000,0.01572
1812.00000,0.01568
1811.00000,0.01561
1810.00000,0.01554
1809.00000,0.01546
1808.00000,0.01539
1807.00000,0.01533
1806.00000,0.01528
1805.00000,0.01526
1804.00000,0.01526
1803.00000,0.01527
1802.00000,0.01528
1801.00000,0.01529
1800.00000,0.01527
1799.00000,0.01522
1798.00000,0.01514
1797.00000,0.01505
1796.00000,0.01497
1795.00000,0.01492
1794.00000,0.01490
1793.00000,0.01494
1792.00000,0.01501
1791.00000,0.01510
1790.00000,0.01517
1789.00000,0.01523
1788.00000,0.01524
1787.00000,0.01520
1786.00000,0.01512
1785.00000,0.01504
1784.00000,0.01497
1783.00000,0.01494
1782.00000,0.01495
1781.00000,0.01501
1780.00000,0.01509
1779.00000,0.01518
1778.00000,0.01525
1777.00000,0.01531
1776.00000,0.01533
1775.00000,0.01531
1774.00000,0.01526
1773.00000,0.01520
1772.00000,0.01517
1771.00000,0.01519
1770.00000,0.01525
1769.00000,0.01536
1768.00000,0.01549
1767.00000,0.01563
1766.00000,0.01577
1765.00000,0.01589
1764.00000,0.01598
1763.00000,0.01604
1762.00000,0.01609
1761.00000,0.01617
1760.00000,0.01629
1759.00000,0.01647
1758.00000,0.01670
1757.00000,0.01696
1756.00000,0.01725
1755.00000,0.01755
1754.00000,0.01784
1753.00000,0.01812
1752.00000,0.01836
1751.00000,0.01858
1750.00000,0.01877
1749.00000,0.01896
1748.00000,0.01915
1747.00000,0.01935
1746.00000,0.01954
1745.00000,0.01972
1744.00000,0.01989
1743.00000,0.02004
1742.00000,0.02014
1741.00000,0.02018
1740.00000,0.02017
1739.00000,0.02013
1738.00000,0.02007
1737.00000,0.02001
1736.00000,0.01996
1735.00000,0.01991
1734.00000,0.01984
1733.00000,0.01976
1732.00000,0.01964
1731.00000,0.01947
1730.00000,0.01924
1729.00000,0.01898
1728.00000,0.01873
1727.00000,0.01852
1726.00000,0.01838
1725.00000,0.01835
1724.00000,0.01843
1723.00000,0.01862
1722.00000,0.01892
1721.00000,0.01929
1720.00000,0.01970
1719.00000,0.02010
1718.00000,0.02048
1717.00000,0.02083
1716.00000,0.02113
1715.00000,0.02140
1714.00000,0.02162
1713.00000,0.02182
1712.00000,0.02200
1711.00000,0.02215
1710.00000,0.02227
1709.00000,0.02236
1708.00000,0.02237
1707.00000,0.02229
1706.00000,0.02216
1705.00000,0.02201
1704.00000,0.02187
1703.00000,0.02175
1702.00000,0.02168
1701.00000,0.02169
1700.00000,0.02177
1699.00000,0.02189
1698.00000,0.02202
1697.00000,0.02213
1696.00000,0.02218
1695.00000,0.02216
1694.00000,0.02210
1693.00000,0.02202
1692.00000,0.02195
1691.00000,0.02191
1690.00000,0.02193
1689.00000,0.02203
1688.00000,0.02219
1687.00000,0.02237
1686.00000,0.02257
1685.00000,0.02274
1684.00000,0.02288
1683.00000,0.02297
1682.00000,0.02302
1681.00000,0.02306
1680.00000,0.02311
1679.00000,0.02322
1678.00000,0.02342
1677.00000,0.02367
1676.00000,0.02397
1675.00000,0.02428
1674.00000,0.02460
1673.00000,0.02488
1672.00000,0.02512
1671.00000,0.02531
1670.00000,0.02546
1669.00000,0.02561
1668.00000,0.02578
1667.00000,0.02602
1666.00000,0.02633
1665.00000,0.02669
1664.00000,0.02708
1663.00000,0.02750
1662.00000,0.02789
1661.00000,0.02824
1660.00000,0.02851
1659.00000,0.02873
1658.00000,0.02893
1657.00000,0.02916
1656.00000,0.02945
1655.00000,0.02981
1654.00000,0.03021
1653.00000,0.03064
1652.00000,0.03108
1651.00000,0.03151
1650.00000,0.03189
1649.00000,0.03218
1648.00000,0.03241
1647.00000,0.03259
1646.00000,0.03278
1645.00000,0.03299
1644.00000,0.03323
1643.00000,0.03348
1642.00000,0.03373
1641.00000,0.03398
1640.00000,0.03423
1639.00000,0.03444
1638.00000,0.03462
1637.00000,0.03475
1636.00000,0.03483
1635.00000,0.03487
1634.00000,0.03490
1633.00000,0.03491
1632.00000,0.03493
1631.00000,0.03495
1630.00000,0.03498
1629.00000,0.03500
1628.00000,0.03500
1627.00000,0.03496
1626.00000,0.03488
1625.00000,0.03475
1624.00000,0.03459
1623.00000,0.03441
1622.00000,0.03424
1621.00000,0.03407
1620.00000,0.03389
1619.00000,0.03370
1618.00000,0.03348
1617.00000,0.03321
1616.00000,0.03288
1615.00000,0.03250
1614.00000,0.03207
1613.00000,0.03160
1612.00000,0.03113
1611.00000,0.03070
1610.00000,0.03032
1609.00000,0.02998
1608.00000,0.02967
1607.00000,0.02939
1606.00000,0.02912
1605.00000,0.02882
1604.00000,0.02848
1603.00000,0.02811
1602.00000,0.02771
1601.00000,0.02729
1600.00000,0.02689
1599.00000,0.02652
1598.00000,0.02621
1597.00000,0.02595
1596.00000,0.02574
1595.00000,0.02556
1594.00000,0.02539
1593.00000,0.02520
1592.00000,0.02498
1591.00000,0.02473
1590.00000,0.02447
1589.00000,0.02419
1588.00000,0.02393
1587.00000,0.02372
1586.00000,0.02356
1585.00000,0.02346
1584.00000,0.02338
1583.00000,0.02334
1582.00000,0.02331
1581.00000,0.02326
1580.00000,0.02317
1579.00000,0.02304
1578.00000,0.02289
1577.00000,0.02271
1576.00000,0.02254
1575.00000,0.02240
1574.00000,0.02230
1573.00000,0.02223
1572.00000,0.02219
1571.00000,0.02217
1570.00000,0.02218
1569.00000,0.02218
1568.00000,0.02214
1567.00000,0.02209
1566.00000,0.02202
1565.00000,0.02196
1564.00000,0.02191
1563.00000,0.02189
1562.00000,0.02190
1561.00000,0.02192
1560.00000,0.02196
1559.00000,0.02203
1558.00000,0.02210
1557.00000,0.02215
1556.00000,0.02217
1555.00000,0.02219
1554.00000,0.02221
1553.00000,0.02223
1552.00000,0.02226
1551.00000,0.02230
1550.00000,0.02236
1549.00000,0.02242
1548.00000,0.02248
1547.00000,0.02253
1546.00000,0.02255
1545.00000,0.02255
1544.00000,0.02254
1543.00000,0.02252
1542.00000,0.02251
1541.00000,0.02250
1540.00000,0.02252
1539.00000,0.02255
1538.00000,0.02260
1537.00000,0.02265
1536.00000,0.02268
1535.00000,0.02269
1534.00000,0.02270
1533.00000,0.02269
1532.00000,0.02266
1531.00000,0.02263
1530.00000,0.02261
1529.00000,0.02259
1528.00000,0.02258
1527.00000,0.02260
1526.00000,0.02263
1525.00000,0.02267
1524.00000,0.02269
1523.00000,0.02271
1522.00000,0.02271
1521.00000,0.02270
1520.00000,0.02269
1519.00000,0.02268
1518.00000,0.02268
1517.00000,0.02270
1516.00000,0.02274
1515.00000,0.02280
1514.00000,0.02284
1513.00000,0.02287
1512.00000,0.02290
1511.00000,0.02290
1510.00000,0.02288
1509.00000,0.02287
1508.00000,0.02286
1507.00000,0.02286
1506.00000,0.02287
1505.00000,0.02289
1504.00000,0.02291
1503.00000,0.02290
1502.00000,0.02285
1501.00000,0.02280
1500.00000,0.02276
1499.00000,0.02274
1498.00000,0.02277
1497.00000,0.02286
1496.00000,0.02302
1495.00000,0.02323
1494.00000,0.02346
1493.00000,0.02370
1492.00000,0.02390
1491.00000,0.02403
1490.00000,0.02411
1489.00000,0.02414
1488.00000,0.02414
1487.00000,0.02411
1486.00000,0.02408
1485.00000,0.02406
1484.00000,0.02406
1483.00000,0.02408
1482.00000,0.02411
1481.00000,0.02417
1480.00000,0.02424
1479.00000,0.02432
1478.00000,0.02443
1477.00000,0.02457
1476.00000,0.02477
1475.00000,0.02502
1474.00000,0.02534
1473.00000,0.02572
1472.00000,0.02613
1471.00000,0.02656
1470.00000,0.02697
1469.00000,0.02733
1468.00000,0.02763
1467.00000,0.02786
1466.00000,0.02802
1465.00000,0.02813
1464.00000,0.02821
1463.00000,0.02827
1462.00000,0.02830
1461.00000,0.02832
1460.00000,0.02832
1459.00000,0.02831
1458.00000,0.02828
1457.00000,0.02824
1456.00000,0.02820
1455.00000,0.02818
1454.00000,0.02818
1453.00000,0.02821
1452.00000,0.02829
1451.00000,0.02839
1450.00000,0.02848
1449.00000,0.02856
1448.00000,0.02863
1447.00000,0.02867
1446.00000,0.02867
1445.00000,0.02863
1444.00000,0.02858
1443.00000,0.02851
1442.00000,0.02845
1441.00000,0.02841
1440.00000,0.02840
1439.00000,0.02842
1438.00000,0.02846
1437.00000,0.02852
1436.00000,0.02860
1435.00000,0.02869
1434.00000,0.02877
1433.00000,0.02885
1432.00000,0.02894
1431.00000,0.02903
1430.00000,0.02914
1429.00000,0.02926
1428.00000,0.02941
1427.00000,0.02959
1426.00000,0.02978
1425.00000,0.02999
1424.00000,0.03022
1423.00000,0.03046
1422.00000,0.03070
1421.00000,0.03094
1420.00000,0.03120
1419.00000,0.03147
1418.00000,0.03173
1417.00000,0.03197
1416.00000,0.03221
1415.00000,0.03241
1414.00000,0.03257
1413.00000,0.03270
1412.00000,0.03281
1411.00000,0.03292
1410.00000,0.03302
1409.00000,0.03316
1408.00000,0.03334
1407.00000,0.03358
1406.00000,0.03383
1405.00000,0.03410
1404.00000,0.03436
1403.00000,0.03459
1402.00000,0.03476
1401.00000,0.03488
1400.00000,0.03496
1399.00000,0.03501
1398.00000,0.03504
1397.00000,0.03508
1396.00000,0.03515
1395.00000,0.03525
1394.00000,0.03537
1393.00000,0.03550
1392.00000,0.03563
1391.00000,0.03575
1390.00000,0.03585
1389.00000,0.03593
1388.00000,0.03603
1387.00000,0.03614
1386.00000,0.03629
1385.00000,0.03648
1384.00000,0.03673
1383.00000,0.03701
1382.00000,0.03732
1381.00000,0.03761
1380.00000,0.03787
1379.00000,0.03808
1378.00000,0.03823
1377.00000,0.03834
1376.00000,0.03841
1375.00000,0.03849
1374.00000,0.03858
1373.00000,0.03872
1372.00000,0.03890
1371.00000,0.03914
1370.00000,0.03940
1369.00000,0.03967
1368.00000,0.03992
1367.00000,0.04015
1366.00000,0.04035
1365.00000,0.04052
1364.00000,0.04070
1363.00000,0.04090
1362.00000,0.04113
1361.00000,0.04141
1360.00000,0.04173
1359.00000,0.04209
1358.00000,0.04245
1357.00000,0.04281
1356.00000,0.04315
1355.00000,0.04346
1354.00000,0.04375
1353.00000,0.04403
1352.00000,0.04431
1351.00000,0.04461
1350.00000,0.04495
1349.00000,0.04533
1348.00000,0.04573
1347.00000,0.04616
1346.00000,0.04659
1345.00000,0.04701
1344.00000,0.04741
1343.00000,0.04778
1342.00000,0.04814
1341.00000,0.04850
1340.00000,0.04888
1339.00000,0.04929
1338.00000,0.04974
1337.00000,0.05024
1336.00000,0.05078
1335.00000,0.05135
1334.00000,0.05192
1333.00000,0.05249
1332.00000,0.05305
1331.00000,0.05359
1330.00000,0.05413
1329.00000,0.05468
1328.00000,0.05526
1327.00000,0.05587
1326.00000,0.05651
1325.00000,0.05720
1324.00000,0.05792
1323.00000,0.05866
1322.00000,0.05942
1321.00000,0.06018
1320.00000,0.06094
1319.00000,0.06171
1318.00000,0.06248
1317.00000,0.06328
1316.00000,0.06411
1315.00000,0.06499
1314.00000,0.06590
1313.00000,0.06685
1312.00000,0.06784
1311.00000,0.06885
1310.00000,0.06987
1309.00000,0.07090
1308.00000,0.07195
1307.00000,0.07301
1306.00000,0.07410
1305.00000,0.07522
1304.00000,0.07640
1303.00000,0.07763
1302.00000,0.07893
1301.00000,0.08027
1300.00000,0.08167
1299.00000,0.08311
1298.00000,0.08459
1297.00000,0.08610
1296.00000,0.08766
1295.00000,0.08926
1294.00000,0.09091
1293.00000,0.09264
1292.00000,0.09445
1291.00000,0.09636
1290.00000,0.09836
1289.00000,0.10046
1288.00000,0.10267
1287.00000,0.10498
1286.00000,0.10739
1285.00000,0.10990
1284.00000,0.11254
1283.00000,0.11531
1282.00000,0.11824
1281.00000,0.12138
1280.00000,0.12479
1279.00000,0.12851
1278.00000,0.13260
1277.00000,0.13712
1276.00000,0.14212
1275.00000,0.14763
1274.00000,0.15361
1273.00000,0.16005
1272.00000,0.16685
1271.00000,0.17389
1270.00000,0.18101
1269.00000,0.18806
1268.00000,0.19492
1267.00000,0.20146
1266.00000,0.20761
1265.00000,0.21336
1264.00000,0.21878
1263.00000,0.22394
1262.00000,0.22897
1261.00000,0.23401
1260.00000,0.23921
1259.00000,0.24470
1258.00000,0.25056
1257.00000,0.25690
1256.00000,0.26377
1255.00000,0.27117
1254.00000,0.27906
1253.00000,0.28744
1252.00000,0.29625
1251.00000,0.30539
1250.00000,0.31479
1249.00000,0.32440
1248.00000,0.33418
1247.00000,0.34405
1246.00000,0.35399
1245.00000,0.36400
1244.00000,0.37408
1243.00000,0.38420
1242.00000,0.39433
1241.00000,0.40449
1240.00000,0.41466
1239.00000,0.42476
1238.00000,0.43476
1237.00000,0.44465
1236.00000,0.45443
1235.00000,0.46403
1234.00000,0.47345
1233.00000,0.48274
1232.00000,0.49193
1231.00000,0.50097
1230.00000,0.50985
1229.00000,0.51864
1228.00000,0.52731
1227.00000,0.53579
1226.00000,0.54405
1225.00000,0.55211
1224.00000,0.55998
1223.00000,0.56761
1222.00000,0.57497
1221.00000,0.58218
1220.00000,0.58926
1219.00000,0.59617
1218.00000,0.60291
1217.00000,0.60955
1216.00000,0.61611
1215.00000,0.62249
1214.00000,0.62866
1213.00000,0.63469
1212.00000,0.64059
1211.00000,0.64628
1210.00000,0.65177
1209.00000,0.65717
1208.00000,0.66252
1207.00000,0.66777
1206.00000,0.67290
1205.00000,0.67803
1204.00000,0.68318
1203.00000,0.68823
1202.00000,0.69315
1201.00000,0.69803
1200.00000,0.70290
1199.00000,0.70763
1198.00000,0.71225
1197.00000,0.71687
1196.00000,0.72154
1195.00000,0.72619
1194.00000,0.73079
1193.00000,0.73549
1192.00000,0.74029
1191.00000,0.74505
1190.00000,0.74974
1189.00000,0.75448
1188.00000,0.75927
1187.00000,0.76399
1186.00000,0.76863
1185.00000,0.77335
1184.00000,0.77819
1183.00000,0.78303
1182.00000,0.78786
1181.00000,0.79282
1180.00000,0.79792
1179.00000,0.80300
1178.00000,0.80805
1177.00000,0.81318
1176.00000,0.81842
1175.00000,0.82362
1174.00000,0.82877
1173.00000,0.83405
1172.00000,0.83949
1171.00000,0.84495
1170.00000,0.85042
1169.00000,0.85605
1168.00000,0.86187
1167.00000,0.86769
1166.00000,0.87349
1165.00000,0.87945
1164.00000,0.88559
1163.00000,0.89174
1162.00000,0.89791
1161.00000,0.90430
1160.00000,0.91095
1159.00000,0.91769
1158.00000,0.92447
1157.00000,0.93151
1156.00000,0.93883
1155.00000,0.94621
1154.00000,0.95362
1153.00000,0.96130
1152.00000,0.96929
1151.00000,0.97739
1150.00000,0.98556
1149.00000,0.99407
1148.00000,1.00295
1147.00000,1.01197
1146.00000,1.02107
1145.00000,1.03051
1144.00000,1.04032
1143.00000,1.05022
1142.00000,1.06016
1141.00000,1.07041
1140.00000,1.08103
1139.00000,1.09171
1138.00000,1.10239
1137.00000,1.11341
1136.00000,1.12479
1135.00000,1.13619
1134.00000,1.14750
1133.00000,1.15904
1132.00000,1.17083
1131.00000,1.18243
1130.00000,1.19373
1129.00000,1.20507
1128.00000,1.21648
1127.00000,1.22747
1126.00000,1.23793
1125.00000,1.24828
1124.00000,1.25854
1123.00000,1.26816
1122.00000,1.27701
1121.00000,1.28554
1120.00000,1.29379
1119.00000,1.30121
1118.00000,1.30770
1117.00000,1.31379
1116.00000,1.31957
1115.00000,1.32444
1114.00000,1.32832
1113.00000,1.33178
1112.00000,1.33489
1111.00000,1.33702
1110.00000,1.33803
1109.00000,1.33852
1108.00000,1.33854
1107.00000,1.33749
1106.00000,1.33530
1105.00000,1.33261
1104.00000,1.32952
1103.00000,1.32550
1102.00000,1.32053
1101.00000,1.31526
1100.00000,1.30979
1099.00000,1.30355
1098.00000,1.29649
1097.00000,1.28921
1096.00000,1.28176
1095.00000,1.27361
1094.00000,1.26473
1093.00000,1.25569
1092.00000,1.24658
1091.00000,1.23694
1090.00000,1.22676
1089.00000,1.21653
1088.00000,1.20630
1087.00000,1.19564
1086.00000,1.18451
1085.00000,1.17334
1084.00000,1.16219
1083.00000,1.15067
1082.00000,1.13878
1081.00000,1.12692
1080.00000,1.11515
1079.00000,1.10314
1078.00000,1.09086
1077.00000,1.07867
1076.00000,1.06658
1075.00000,1.05426
1074.00000,1.04168
1073.00000,1.02913
1072.00000,1.01664
1071.00000,1.00394
1070.00000,0.99103
1069.00000,0.97817
1068.00000,0.96541
1067.00000,0.95252
1066.00000,0.93949
1065.00000,0.92655
1064.00000,0.91370
1063.00000,0.90071
1062.00000,0.88755
1061.00000,0.87441
1060.00000,0.86133
1059.00000,0.84813
1058.00000,0.83481
1057.00000,0.82152
1056.00000,0.80830
1055.00000,0.79495
1054.00000,0.78146
1053.00000,0.76797
1052.00000,0.75447
1051.00000,0.74085
1050.00000,0.72710
1049.00000,0.71339
1048.00000,0.69975
1047.00000,0.68607
1046.00000,0.67235
1045.00000,0.65871
1044.00000,0.64512
1043.00000,0.63148
1042.00000,0.61778
1041.00000,0.60409
1040.00000,0.59040
1039.00000,0.57662
1038.00000,0.56275
1037.00000,0.54885
1036.00000,0.53493
1035.00000,0.52093
1034.00000,0.50687
1033.00000,0.49283
1032.00000,0.47882
1031.00000,0.46481
1030.00000,0.45083
1029.00000,0.43692
1028.00000,0.42307
1027.00000,0.40923
1026.00000,0.39539
1025.00000,0.38158
1024.00000,0.36784
1023.00000,0.35416
1022.00000,0.34062
1021.00000,0.32731
1020.00000,0.31427
1019.00000,0.30154
1018.00000,0.28914
1017.00000,0.27709
1016.00000,0.26537
1015.00000,0.25395
1014.00000,0.24279
1013.00000,0.23190
1012.00000,0.22128
1011.00000,0.21096
1010.00000,0.20097
1009.00000,0.19135
1008.00000,0.18215
1007.00000,0.17339
1006.00000,0.16505
1005.00000,0.15715
1004.00000,0.14965
1003.00000,0.14253
1002.00000,0.13574
1001.00000,0.12927
1000.00000,0.12313
999.00000,0.11730
998.00000,0.11181
997.00000,0.10669
996.00000,0.10193
995.00000,0.09754
994.00000,0.09351
993.00000,0.08979
992.00000,0.08635
991.00000,0.08315
990.00000,0.08015
989.00000,0.07733
988.00000,0.07470
987.00000,0.07226
986.00000,0.07001
985.00000,0.06799
984.00000,0.06617
983.00000,0.06455
982.00000,0.06309
981.00000,0.06175
980.00000,0.06048
979.00000,0.05925
978.00000,0.05805
977.00000,0.05686
976.00000,0.05570
975.00000,0.05460
974.00000,0.05357
973.00000,0.05262
972.00000,0.05175
971.00000,0.05094
970.00000,0.05016
969.00000,0.04939
968.00000,0.04858
967.00000,0.04773
966.00000,0.04685
965.00000,0.04594
964.00000,0.04504
963.00000,0.04417
962.00000,0.04335
961.00000,0.04259
960.00000,0.04188
959.00000,0.04121
958.00000,0.04055
957.00000,0.03988
956.00000,0.03918
955.00000,0.03845
954.00000,0.03772
953.00000,0.03699
952.00000,0.03629
951.00000,0.03563
950.00000,0.03502
949.00000,0.03446
948.00000,0.03392
947.00000,0.03338
946.00000,0.03284
945.00000,0.03227
944.00000,0.03168
943.00000,0.03108
942.00000,0.03050
941.00000,0.02995
940.00000,0.02944
939.00000,0.02898
938.00000,0.02856
937.00000,0.02817
936.00000,0.02779
935.00000,0.02739
934.00000,0.02698
933.00000,0.02653
932.00000,0.02607
931.00000,0.02561
930.00000,0.02517
929.00000,0.02477
928.00000,0.02442
927.00000,0.02411
926.00000,0.02385
925.00000,0.02360
924.00000,0.02335
923.00000,0.02309
922.00000,0.02280
921.00000,0.02249
920.00000,0.02218
919.00000,0.02188
918.00000,0.02161
917.00000,0.02138
916.00000,0.02118
915.00000,0.02103
914.00000,0.02088
913.00000,0.02075
912.00000,0.02060
911.00000,0.02044
910.00000,0.02027
909.00000,0.02009
908.00000,0.01992
907.00000,0.01979
906.00000,0.01968
905.00000,0.01961
904.00000,0.01957
903.00000,0.01954
902.00000,0.01951
901.00000,0.01946
900.00000,0.01941
899.00000,0.01934
898.00000,0.01927
897.00000,0.01921
896.00000,0.01918
895.00000,0.01918
894.00000,0.01920
893.00000,0.01925
892.00000,0.01931
891.00000,0.01937
890.00000,0.01943
889.00000,0.01948
888.00000,0.01954
887.00000,0.01961
886.00000,0.01972
885.00000,0.01987
884.00000,0.02008
883.00000,0.02034
882.00000,0.02064
881.00000,0.02097
880.00000,0.02133
879.00000,0.02170
878.00000,0.02211
877.00000,0.02256
876.00000,0.02309
875.00000,0.02373
874.00000,0.02449
873.00000,0.02538
872.00000,0.02641
871.00000,0.02756
870.00000,0.02884
869.00000,0.03021
868.00000,0.03169
867.00000,0.03327
866.00000,0.03498
865.00000,0.03684
864.00000,0.03885
863.00000,0.04103
862.00000,0.04337
861.00000,0.04587
860.00000,0.04850
859.00000,0.05124
858.00000,0.05406
857.00000,0.05693
856.00000,0.05983
855.00000,0.06273
854.00000,0.06563
853.00000,0.06849
852.00000,0.07130
851.00000,0.07404
850.00000,0.07668
849.00000,0.07921
848.00000,0.08162
847.00000,0.08393
846.00000,0.08614
845.00000,0.08829
844.00000,0.09041
843.00000,0.09254
842.00000,0.09471
841.00000,0.09694
840.00000,0.09924
839.00000,0.10160
838.00000,0.10401
837.00000,0.10644
836.00000,0.10891
835.00000,0.11138
834.00000,0.11388
833.00000,0.11641
832.00000,0.11900
831.00000,0.12167
830.00000,0.12443
829.00000,0.12729
828.00000,0.13024
827.00000,0.13325
826.00000,0.13627
825.00000,0.13926
824.00000,0.14217
823.00000,0.14495
822.00000,0.14757
821.00000,0.15004
820.00000,0.15237
819.00000,0.15455
818.00000,0.15658
817.00000,0.15848
816.00000,0.16023
815.00000,0.16178
814.00000,0.16311
813.00000,0.16417
812.00000,0.16495
811.00000,0.16543
810.00000,0.16560
809.00000,0.16547
808.00000,0.16507
807.00000,0.16439
806.00000,0.16343
805.00000,0.16219
804.00000,0.16066
803.00000,0.15882
802.00000,0.15669
801.00000,0.15427
800.00000,0.15162
799.00000,0.14878
798.00000,0.14580
797.00000,0.14273
796.00000,0.13963
795.00000,0.13650
794.00000,0.13335
793.00000,0.13017
792.00000,0.12694
791.00000,0.12361
790.00000,0.12019
789.00000,0.11666
788.00000,0.11305
787.00000,0.10938
786.00000,0.10569
785.00000,0.10201
784.00000,0.09838
783.00000,0.09480
782.00000,0.09126
781.00000,0.08775
780.00000,0.08422
779.00000,0.08067
778.00000,0.07707
777.00000,0.07345
776.00000,0.06985
775.00000,0.06631
774.00000,0.06292
773.00000,0.05974
772.00000,0.05682
771.00000,0.05419
770.00000,0.05187
769.00000,0.04984
768.00000,0.04807
767.00000,0.04654
766.00000,0.04521
765.00000,0.04408
764.00000,0.04313
763.00000,0.04237
762.00000,0.04178
761.00000,0.04137
760.00000,0.04110
759.00000,0.04093
758.00000,0.04080
757.00000,0.04068
756.00000,0.04053
755.00000,0.04033
754.00000,0.04008
753.00000,0.03981
752.00000,0.03956
751.00000,0.03937
750.00000,0.03924
749.00000,0.03920
748.00000,0.03921
747.00000,0.03925
746.00000,0.03926
745.00000,0.03921
744.00000,0.03908
743.00000,0.03886
742.00000,0.03858
741.00000,0.03828
740.00000,0.03801
739.00000,0.03779
738.00000,0.03763
737.00000,0.03753
736.00000,0.03745
735.00000,0.03736
734.00000,0.03725
733.00000,0.03709
732.00000,0.03690
731.00000,0.03670
730.00000,0.03652
729.00000,0.03640
728.00000,0.03637
727.00000,0.03644
726.00000,0.03659
725.00000,0.03679
724.00000,0.03701
723.00000,0.03718
722.00000,0.03728
721.00000,0.03728
720.00000,0.03718
719.00000,0.03702
718.00000,0.03683
717.00000,0.03667
716.00000,0.03655
715.00000,0.03652
714.00000,0.03656
713.00000,0.03667
712.00000,0.03680
711.00000,0.03690
710.00000,0.03695
709.00000,0.03693
708.00000,0.03686
707.00000,0.03677
706.00000,0.03670
705.00000,0.03669
704.00000,0.03673
703.00000,0.03684
702.00000,0.03697
701.00000,0.03709
700.00000,0.03717
699.00000,0.03718
698.00000,0.03711
697.00000,0.03697
696.00000,0.03682
695.00000,0.03667
694.00000,0.03659
693.00000,0.03659
692.00000,0.03667
691.00000,0.03680
690.00000,0.03694
689.00000,0.03705
688.00000,0.03708
687.00000,0.03704
686.00000,0.03692
685.00000,0.03676
684.00000,0.03661
683.00000,0.03652
682.00000,0.03653
681.00000,0.03666
680.00000,0.03689
679.00000,0.03720
678.00000,0.03755
677.00000,0.03784
676.00000,0.03799
675.00000,0.03799
674.00000,0.03799
673.00000,0.03823
672.00000,0.03890
671.00000,0.03990
670.00000,0.04097
669.00000,0.04193
668.00000,0.04272
667.00000,0.04328
666.00000,0.04356
665.00000,0.04345
664.00000,0.04298
663.00000,0.04229
662.00000,0.04166
661.00000,0.04136
660.00000,0.04144
659.00000,0.04172
658.00000,0.04204
657.00000,0.04240
656.00000,0.04281
655.00000,0.04327
654.00000,0.04372
653.00000,0.04412
652.00000,0.04446
651.00000,0.04475
650.00000,0.04501
649.00000,0.04527
648.00000,0.04559
647.00000,0.04597
646.00000,0.04644
645.00000,0.04697
644.00000,0.04754
643.00000,0.04811
642.00000,0.04864
641.00000,0.04910
640.00000,0.04949
639.00000,0.04983
638.00000,0.05012
637.00000,0.05042
636.00000,0.05076
635.00000,0.05115
634.00000,0.05160
633.00000,0.05211
632.00000,0.05265
631.00000,0.05320
630.00000,0.05372
629.00000,0.05418
628.00000,0.05460
627.00000,0.05498
626.00000,0.05533
625.00000,0.05568
624.00000,0.05607
623.00000,0.05651
622.00000,0.05702
621.00000,0.05759
620.00000,0.05819
619.00000,0.05879
618.00000,0.05935
617.00000,0.05987
616.00000,0.06035
615.00000,0.06077
614.00000,0.06116
613.00000,0.06154
612.00000,0.06195
611.00000,0.06241
610.00000,0.06293
609.00000,0.06350
608.00000,0.06411
607.00000,0.06473
606.00000,0.06533
605.00000,0.06588
604.00000,0.06638
603.00000,0.06682
602.00000,0.06723
601.00000,0.06762
600.00000,0.06803
599.00000,0.06847
598.00000,0.06895
597.00000,0.06949
596.00000,0.07008
595.00000,0.07067
594.00000,0.07126
593.00000,0.07182
592.00000,0.07235
591.00000,0.07284
590.00000,0.07331
589.00000,0.07378
588.00000,0.07428
587.00000,0.07482
586.00000,0.07539
585.00000,0.07600
584.00000,0.07665
583.00000,0.07729
582.00000,0.07790
581.00000,0.07848
580.00000,0.07902
579.00000,0.07952
578.00000,0.08000
577.00000,0.08047
576.00000,0.08099
575.00000,0.08153
574.00000,0.08211
573.00000,0.08272
572.00000,0.08334
571.00000,0.08393
570.00000,0.08447
569.00000,0.08494
568.00000,0.08536
567.00000,0.08574
566.00000,0.08611
565.00000,0.08650
564.00000,0.08696
563.00000,0.08749
562.00000,0.08807
561.00000,0.08869
560.00000,0.08931
559.00000,0.08988
558.00000,0.09037
557.00000,0.09076
556.00000,0.09109
555.00000,0.09139
554.00000,0.09168
553.00000,0.09203
552.00000,0.09248
551.00000,0.09304
550.00000,0.09369
549.00000,0.09440
548.00000,0.09513
547.00000,0.09581
546.00000,0.09640
545.00000,0.09691
544.00000,0.09737
543.00000,0.09781
542.00000,0.09826
541.00000,0.09881
540.00000,0.09952
539.00000,0.10037
538.00000,0.10134
537.00000,0.10242
536.00000,0.10356
535.00000,0.10470
534.00000,0.10581
533.00000,0.10691
532.00000,0.10804
531.00000,0.10924
530.00000,0.11057
529.00000,0.11209
528.00000,0.11385
527.00000,0.11583
526.00000,0.11800
525.00000,0.12036
524.00000,0.12291
523.00000,0.12561
522.00000,0.12847
521.00000,0.13157
520.00000,0.13497
519.00000,0.13872
518.00000,0.14285
517.00000,0.14741
516.00000,0.15245
515.00000,0.15790
514.00000,0.16370
513.00000,0.16986
512.00000,0.17642
511.00000,0.18337
510.00000,0.19074
509.00000,0.19862
508.00000,0.20710
507.00000,0.21622
506.00000,0.22596
505.00000,0.23640
504.00000,0.24753
503.00000,0.25921
502.00000,0.27126
501.00000,0.28371
500.00000,0.29654
499.00000,0.30961
498.00000,0.32276
497.00000,0.33607
496.00000,0.34959
495.00000,0.36316
494.00000,0.37659
493.00000,0.38987
492.00000,0.40294
491.00000,0.41549
490.00000,0.42730
489.00000,0.43848
488.00000,0.44913
487.00000,0.45904
486.00000,0.46812
485.00000,0.47667
484.00000,0.48491
483.00000,0.49259
482.00000,0.49947
481.00000,0.50574
480.00000,0.51153
479.00000,0.51643
478.00000,0.52020
477.00000,0.52310
476.00000,0.52536
475.00000,0.52666
474.00000,0.52683
473.00000,0.52627
472.00000,0.52522
471.00000,0.52333
470.00000,0.52041
469.00000,0.51682
468.00000,0.51276
467.00000,0.50786
466.00000,0.50191
465.00000,0.49538
464.00000,0.48859
463.00000,0.48120
462.00000,0.47303
461.00000,0.46448
460.00000,0.45583
459.00000,0.44689
458.00000,0.43754
457.00000,0.42816
456.00000,0.41889
455.00000,0.41889
454.00000,0.41889
453.00000,0.41889
452.00000,0.41889
451.00000,0.41889
450.00000,0.41889
